benchmark_id,query_id,ok,correct,latency_s,attempts,response,error
run_001,1,True,False,0.192,1,[mock] response to: 2+2?,
run_001,2,True,False,0.259,1,[mock] response to: Sky color?,
run_001,3,True,False,0.290,1,[mock] response to: H2O?,
run_001,4,True,False,0.123,1,[mock] response to: Cat sound?,
run_001,5,True,False,0.372,1,[mock] response to: Smallest prime?,
run_001,6,True,False,0.422,1,[mock] response to: Pi to 2 decimals?,
run_001,7,True,False,0.220,1,[mock] response to: Days in a week?,
run_001,8,True,False,0.296,1,[mock] response to: Fastest land animal?,
run_001,9,True,False,0.203,1,[mock] response to: What is the capital of France?,
run_001,11,True,False,0.126,1,[mock] response to: What is the largest planet in our solar system?,
run_001,10,True,False,0.434,1,[mock] response to: Who wrote Hamlet?,
run_001,12,True,False,0.133,1,[mock] response to: What is the chemical symbol for gold?,
run_001,13,True,False,0.418,1,[mock] response to: How many continents are there?,
run_001,14,True,False,0.181,1,[mock] response to: Who painted the Mona Lisa?,
run_001,16,True,False,0.302,1,[mock] response to: What gas do plants absorb from the atmosphere?,
run_001,15,True,False,0.493,1,[mock] response to: What is the capital of Australia?,
run_001,18,True,False,0.274,1,[mock] response to: What planet is known as the Red Planet?,
run_001,17,True,False,0.452,1,[mock] response to: Who discovered penicillin?,
run_001,19,True,False,0.269,1,[mock] response to: Who wrote 1984?,
run_001,21,True,False,0.344,1,[mock] response to: A train leaves Station A at 9:00 AM travelling east at 60 km,
run_001,20,True,False,0.483,1,[mock] response to: What is the longest river in the world?,
run_001,22,True,False,0.253,1,[mock] response to: What is the 13th Fibonacci number (with F1=1 and F2=1)?,
run_001,23,True,False,0.167,1,"[mock] response to: If a shirt costs $80 after a 20% discount, what was the orig",
run_001,24,True,True,0.401,1,[mock] response to: What is log base 2 of 1024?,
run_001,25,True,False,0.360,1,[mock] response to: How many distinct ways can you arrange the letters of the wo,
run_001,26,True,False,0.340,1,[mock] response to: What is the derivative of sin(x)?,
run_001,27,True,False,0.465,1,[mock] response to: What is the sum of the interior angles of a heptagon in degr,
run_001,30,True,False,0.128,1,"[mock] response to: What is the determinant of the 2x2 matrix [[1,2],[3,4]]?",
run_001,29,True,False,0.253,1,[mock] response to: Evaluate the limit as x approaches 0 of sin(x)/x.,
run_001,28,True,False,0.448,1,[mock] response to: What is the greatest common divisor of 84 and 126?,
run_001,31,True,False,0.137,1,[mock] response to: Define entropy.,
run_001,32,True,False,0.190,1,[mock] response to: What does DNA stand for?,
run_001,35,True,False,0.136,1,"[mock] response to: What HTTP status code indicates ""Too Many Requests""?",
run_001,34,True,False,0.233,1,[mock] response to: What is the time complexity of binary search on a sorted arr,
run_001,33,True,False,0.435,1,[mock] response to: What does HTTP stand for?,
run_001,38,True,False,0.262,1,"[mock] response to: You are given the following Python snippet: x = [1,2,3]; y =",
run_001,36,True,False,0.395,1,"[mock] response to: In SQL, what keyword is used to remove duplicate rows from a",
run_001,40,True,False,0.174,1,"[mock] response to: In Git, which command shows the working tree status?",
run_001,37,True,False,0.377,1,[mock] response to: What is the output of the JavaScript expression: typeof null,
run_001,39,True,False,0.438,1,[mock] response to: What is the default port for HTTPS?,
run_001,41,True,False,0.336,1,[mock] response to: Hello in Spanish?,
run_001,44,True,False,0.177,1,[mock] response to: Currency of Vietnam?,
run_001,42,True,False,0.335,1,[mock] response to: Goodbye in French?,
run_001,43,True,False,0.322,1,[mock] response to: Currency of Japan?,
run_001,46,True,False,0.254,1,[mock] response to: Capital of Bhutan?,
run_001,45,True,False,0.417,1,[mock] response to: Capital of Mongolia?,
run_001,48,True,False,0.229,1,[mock] response to: Which country has the most time zones?,
run_001,51,True,False,0.154,1,[mock] response to: In what year did the Berlin Wall fall?,
run_001,50,True,False,0.229,1,[mock] response to: What is the smallest country in the world by area?,
run_001,49,True,False,0.303,1,[mock] response to: On which river does Budapest sit?,
run_001,47,True,False,0.463,1,[mock] response to: Capital of Liechtenstein?,
run_001,52,True,False,0.320,1,[mock] response to: Who was the first emperor of Rome?,
run_001,53,True,False,0.277,1,[mock] response to: Which empire was ruled by Genghis Khan?,
run_001,54,True,False,0.305,1,[mock] response to: The Magna Carta was signed in what year?,
run_001,56,True,False,0.293,1,[mock] response to: What is the chemical formula for glucose?,
run_001,55,True,False,0.376,1,[mock] response to: Which civilization built Machu Picchu?,
run_001,58,True,False,0.246,1,[mock] response to: What is the SI unit of electrical resistance?,
run_001,57,True,False,0.371,1,[mock] response to: What organelle is known as the powerhouse of the cell?,
run_001,59,True,False,0.282,1,[mock] response to: What is the SI base unit of amount of substance?,
run_001,62,True,False,0.166,1,[mock] response to: How many pairs of chromosomes do humans normally have?,
run_001,66,True,False,0.157,1,"[mock] response to: Read the following passage and answer the question. ""In 1969",
run_001,60,True,False,0.457,1,[mock] response to: What is the speed of sound in air at sea level in m/s (appro,
run_001,64,True,False,0.270,1,[mock] response to: Atomic number of uranium?,
run_001,67,True,True,0.198,1,"[mock] response to: Passage: ""The Suez Canal, opened in 1869, connects the Medit",
run_001,61,True,False,0.484,1,[mock] response to: At what temperature in Celsius does pure water boil at sea l,
run_001,71,True,False,0.123,1,"[mock] response to: Consider this scenario: Alice, Bob, and Carol each have a di",
run_001,63,True,False,0.491,1,[mock] response to: What is the name of the boundary around a black hole beyond ,
run_001,68,True,False,0.238,1,"[mock] response to: Passage: ""In 1928, Alexander Fleming returned from a holiday",
run_001,69,True,False,0.280,1,"[mock] response to: Long context. Passage: ""The Krebs cycle, also known as the c",
run_001,65,True,False,0.474,1,"[mock] response to: In a 12-hour analog clock, what is the angle in degrees betw",
run_001,74,True,True,0.176,1,[mock] response to: You are running a race and you overtake the person in second,
run_001,70,True,False,0.322,1,"[mock] response to: Long context. Passage: ""Black holes can be classified by mas",
run_001,77,True,False,0.107,1,"[mock] response to: Spell the word """"necessary"""" backwards.",
run_001,72,True,True,0.404,1,"[mock] response to: A farmer has 17 sheep, and all but 9 die. How many are left?",
run_001,76,True,True,0.288,1,"[mock] response to: If it takes 5 machines 5 minutes to make 5 widgets, how long",
run_001,73,True,False,0.444,1,"[mock] response to: If yesterday was Sunday, what day will it be the day after t",
run_001,82,True,False,0.178,1,[mock] response to: What is the ASCII value of the uppercase letter A?,
run_001,75,True,False,0.429,1,[mock] response to: A bat and a ball cost $1.10 in total. The bat costs $1.00 mo,
run_001,80,True,True,0.296,1,"[mock] response to: Identify the odd one out: apple, banana, carrot, grape.",
run_001,78,True,False,0.397,1,"[mock] response to: How many letter R's are in the word ""strawberry""?",
run_001,81,True,False,0.359,1,"[mock] response to: How many vowels are in the word """"education""""?",
run_001,83,True,False,0.294,1,[mock] response to: You buy 3 apples at $0.75 each and 2 loaves of bread at $2.5,
run_001,89,True,False,0.178,1,"[mock] response to: List the planets of the solar system in order from the Sun, ",
run_001,84,True,False,0.320,1,[mock] response to: A car travels 240 km in 3 hours. What is its average speed i,
run_001,86,True,True,0.351,1,[mock] response to: Solve for x: 3x - 7 = 14.,
run_001,92,True,False,0.191,1,"[mock] response to: Multi-part: Who wrote ""Pride and Prejudice"" and in what year",
run_001,95,True,False,0.124,1,"[mock] response to: Empty answer test (the correct answer is the literal word ""n",
run_001,94,True,False,0.128,1,"[mock] response to: Tricky: What weighs more, a pound of feathers or a pound of ",
run_001,90,True,False,0.338,1,"[mock] response to: Name the four DNA nucleotide bases, comma-separated alphabet",
run_001,87,True,False,0.471,1,[mock] response to: What is the sum 1 + 2 + 3 + ... + 100?,
run_001,88,True,False,0.423,1,[mock] response to: How many degrees are in each interior angle of a regular pen,
run_001,93,True,False,0.309,1,[mock] response to: Tricky: How many months have 28 days?,
run_002,1,True,False,0.158,1,[mock] response to: 2+2?,
run_002,2,True,False,0.137,1,[mock] response to: Sky color?,
run_001,98,True,False,0.337,1,[mock] response to: Who directed the film Pulp Fiction?,
run_001,100,True,False,0.307,1,"[mock] response to: In Greek mythology, who is the king of the gods?",
run_002,4,True,False,0.191,1,[mock] response to: Cat sound?,
run_002,3,True,False,0.281,1,[mock] response to: H2O?,
run_001,96,True,False,0.489,1,[mock] response to: Who composed the opera The Magic Flute?,
run_001,99,True,False,0.485,1,[mock] response to: Who is the author of The Brothers Karamazov?,
run_002,8,True,False,0.186,1,[mock] response to: Fastest land animal?,
run_002,9,True,False,0.213,1,[mock] response to: What is the capital of France?,
run_002,6,True,False,0.382,1,[mock] response to: Pi to 2 decimals?,
run_002,7,True,False,0.450,1,[mock] response to: Days in a week?,
run_002,10,True,False,0.427,1,[mock] response to: Who wrote Hamlet?,
run_002,13,True,False,0.385,1,[mock] response to: How many continents are there?,
run_002,12,True,False,0.456,1,[mock] response to: What is the chemical symbol for gold?,
run_002,18,True,False,0.300,1,[mock] response to: What planet is known as the Red Planet?,
run_002,14,True,False,0.489,1,[mock] response to: Who painted the Mona Lisa?,
run_002,22,True,False,0.115,1,[mock] response to: What is the 13th Fibonacci number (with F1=1 and F2=1)?,
run_002,15,True,False,0.500,1,[mock] response to: What is the capital of Australia?,
run_002,16,True,False,0.454,1,[mock] response to: What gas do plants absorb from the atmosphere?,
run_002,20,True,False,0.266,1,[mock] response to: What is the longest river in the world?,
run_002,21,True,False,0.259,1,[mock] response to: A train leaves Station A at 9:00 AM travelling east at 60 km,
run_002,19,True,False,0.421,1,[mock] response to: Who wrote 1984?,
run_002,27,True,False,0.143,1,[mock] response to: What is the sum of the interior angles of a heptagon in degr,
run_002,26,True,False,0.201,1,[mock] response to: What is the derivative of sin(x)?,
run_002,30,True,False,0.153,1,"[mock] response to: What is the determinant of the 2x2 matrix [[1,2],[3,4]]?",
run_002,24,True,True,0.392,1,[mock] response to: What is log base 2 of 1024?,
run_002,25,True,False,0.390,1,[mock] response to: How many distinct ways can you arrange the letters of the wo,
run_002,32,True,False,0.254,1,[mock] response to: What does DNA stand for?,
run_002,33,True,False,0.280,1,[mock] response to: What does HTTP stand for?,
run_002,28,True,False,0.454,1,[mock] response to: What is the greatest common divisor of 84 and 126?,
run_002,31,True,False,0.373,1,[mock] response to: Define entropy.,
run_001,79,True,False,0.272,2,"[mock] response to: What is the next number in the sequence 1, 1, 2, 3, 5, 8, ?",
run_002,35,True,False,0.236,1,"[mock] response to: What HTTP status code indicates ""Too Many Requests""?",
run_002,29,True,False,0.471,1,[mock] response to: Evaluate the limit as x approaches 0 of sin(x)/x.,
run_002,40,True,False,0.134,1,"[mock] response to: In Git, which command shows the working tree status?",
run_002,37,True,False,0.336,1,[mock] response to: What is the output of the JavaScript expression: typeof null,
run_002,36,True,False,0.454,1,"[mock] response to: In SQL, what keyword is used to remove duplicate rows from a",
run_002,44,True,False,0.300,1,[mock] response to: Currency of Vietnam?,
run_002,38,True,False,0.479,1,"[mock] response to: You are given the following Python snippet: x = [1,2,3]; y =",
run_002,43,True,False,0.380,1,[mock] response to: Currency of Japan?,
run_002,42,True,False,0.436,1,[mock] response to: Goodbye in French?,
run_002,41,True,False,0.479,1,[mock] response to: Hello in Spanish?,
run_001,91,True,False,0.247,2,[mock] response to: Multi-part: What is the largest planet and the smallest plan,
run_001,85,True,False,0.411,2,[mock] response to: The angles of a triangle are in the ratio 2:3:4. What is the,
run_002,46,True,False,0.337,1,[mock] response to: Capital of Bhutan?,
run_002,47,True,False,0.163,1,[mock] response to: Capital of Liechtenstein?,
run_002,49,True,False,0.176,1,[mock] response to: On which river does Budapest sit?,
run_002,48,True,False,0.450,1,[mock] response to: Which country has the most time zones?,
run_002,52,True,False,0.355,1,[mock] response to: Who was the first emperor of Rome?,
run_002,50,True,False,0.451,1,[mock] response to: What is the smallest country in the world by area?,
run_002,51,True,False,0.463,1,[mock] response to: In what year did the Berlin Wall fall?,
run_002,59,True,False,0.120,1,[mock] response to: What is the SI base unit of amount of substance?,
run_002,55,True,False,0.385,1,[mock] response to: Which civilization built Machu Picchu?,
run_002,53,True,False,0.473,1,[mock] response to: Which empire was ruled by Genghis Khan?,
run_002,54,True,False,0.445,1,[mock] response to: The Magna Carta was signed in what year?,
run_002,56,True,False,0.462,1,[mock] response to: What is the chemical formula for glucose?,
run_002,60,True,False,0.234,1,[mock] response to: What is the speed of sound in air at sea level in m/s (appro,
run_002,63,True,False,0.171,1,[mock] response to: What is the name of the boundary around a black hole beyond ,
run_002,5,True,False,0.239,2,[mock] response to: Smallest prime?,
run_002,58,True,False,0.426,1,[mock] response to: What is the SI unit of electrical resistance?,
run_002,62,True,False,0.243,1,[mock] response to: How many pairs of chromosomes do humans normally have?,
run_002,65,True,False,0.191,1,"[mock] response to: In a 12-hour analog clock, what is the angle in degrees betw",
run_002,61,True,False,0.494,1,[mock] response to: At what temperature in Celsius does pure water boil at sea l,
run_002,70,True,False,0.162,1,"[mock] response to: Long context. Passage: ""Black holes can be classified by mas",
run_002,68,True,False,0.228,1,"[mock] response to: Passage: ""In 1928, Alexander Fleming returned from a holiday",
run_002,71,True,False,0.216,1,"[mock] response to: Consider this scenario: Alice, Bob, and Carol each have a di",
run_002,17,True,False,0.343,2,[mock] response to: Who discovered penicillin?,
run_002,64,True,False,0.494,1,[mock] response to: Atomic number of uranium?,
run_002,66,True,False,0.473,1,"[mock] response to: Read the following passage and answer the question. ""In 1969",
run_002,69,True,False,0.357,1,"[mock] response to: Long context. Passage: ""The Krebs cycle, also known as the c",
run_002,73,True,False,0.236,1,"[mock] response to: If yesterday was Sunday, what day will it be the day after t",
run_002,77,True,False,0.183,1,"[mock] response to: Spell the word """"necessary"""" backwards.",
run_002,79,True,False,0.159,1,"[mock] response to: What is the next number in the sequence 1, 1, 2, 3, 5, 8, ?",
run_002,80,True,True,0.131,1,"[mock] response to: Identify the odd one out: apple, banana, carrot, grape.",
run_002,74,True,True,0.348,1,[mock] response to: You are running a race and you overtake the person in second,
run_002,75,True,False,0.430,1,[mock] response to: A bat and a ball cost $1.10 in total. The bat costs $1.00 mo,
run_002,76,True,True,0.401,1,"[mock] response to: If it takes 5 machines 5 minutes to make 5 widgets, how long",
run_002,82,True,False,0.186,1,[mock] response to: What is the ASCII value of the uppercase letter A?,
run_002,23,True,False,0.395,2,"[mock] response to: If a shirt costs $80 after a 20% discount, what was the orig",
run_002,81,True,False,0.327,1,"[mock] response to: How many vowels are in the word """"education""""?",
run_002,84,True,False,0.201,1,[mock] response to: A car travels 240 km in 3 hours. What is its average speed i,
run_002,88,True,False,0.223,1,[mock] response to: How many degrees are in each interior angle of a regular pen,
run_002,34,True,False,0.411,2,[mock] response to: What is the time complexity of binary search on a sorted arr,
run_002,89,True,False,0.251,1,"[mock] response to: List the planets of the solar system in order from the Sun, ",
run_002,87,True,False,0.301,1,[mock] response to: What is the sum 1 + 2 + 3 + ... + 100?,
run_002,83,True,False,0.454,1,[mock] response to: You buy 3 apples at $0.75 each and 2 loaves of bread at $2.5,
run_002,86,True,True,0.421,1,[mock] response to: Solve for x: 3x - 7 = 14.,
run_002,45,True,False,0.206,2,[mock] response to: Capital of Mongolia?,
run_002,91,True,False,0.371,1,[mock] response to: Multi-part: What is the largest planet and the smallest plan,
run_002,90,True,False,0.486,1,"[mock] response to: Name the four DNA nucleotide bases, comma-separated alphabet",
run_002,39,True,False,0.356,2,[mock] response to: What is the default port for HTTPS?,
run_002,99,True,False,0.126,1,[mock] response to: Who is the author of The Brothers Karamazov?,
run_002,95,True,False,0.335,1,"[mock] response to: Empty answer test (the correct answer is the literal word ""n",
run_002,94,True,False,0.397,1,"[mock] response to: Tricky: What weighs more, a pound of feathers or a pound of ",
run_002,93,True,False,0.411,1,[mock] response to: Tricky: How many months have 28 days?,
run_003,2,True,False,0.105,1,[mock] response to: Sky color?,
run_002,97,True,False,0.472,1,"[mock] response to: In music theory, how many semitones are in an octave?",
run_002,98,True,False,0.395,1,[mock] response to: Who directed the film Pulp Fiction?,
run_002,100,True,False,0.354,1,"[mock] response to: In Greek mythology, who is the king of the gods?",
run_003,1,True,False,0.368,1,[mock] response to: 2+2?,
run_002,57,True,False,0.302,2,[mock] response to: What organelle is known as the powerhouse of the cell?,
run_001,97,True,False,0.383,3,"[mock] response to: In music theory, how many semitones are in an octave?",
run_003,5,True,False,0.344,1,[mock] response to: Smallest prime?,
run_003,9,True,False,0.209,1,[mock] response to: What is the capital of France?,
run_003,8,True,False,0.244,1,[mock] response to: Fastest land animal?,
run_003,4,True,False,0.491,1,[mock] response to: Cat sound?,
run_003,6,True,False,0.347,1,[mock] response to: Pi to 2 decimals?,
run_003,13,True,False,0.163,1,[mock] response to: How many continents are there?,
run_003,11,True,False,0.239,1,[mock] response to: What is the largest planet in our solar system?,
run_003,15,True,False,0.116,1,[mock] response to: What is the capital of Australia?,
run_003,10,True,False,0.350,1,[mock] response to: Who wrote Hamlet?,
run_003,12,True,False,0.289,1,[mock] response to: What is the chemical symbol for gold?,
run_002,67,True,True,0.302,2,"[mock] response to: Passage: ""The Suez Canal, opened in 1869, connects the Medit",
run_003,16,True,False,0.326,1,[mock] response to: What gas do plants absorb from the atmosphere?,
run_003,22,True,False,0.151,1,[mock] response to: What is the 13th Fibonacci number (with F1=1 and F2=1)?,
run_003,14,True,False,0.436,1,[mock] response to: Who painted the Mona Lisa?,
run_003,19,True,False,0.265,1,[mock] response to: Who wrote 1984?,
run_003,21,True,False,0.240,1,[mock] response to: A train leaves Station A at 9:00 AM travelling east at 60 km,
run_003,20,True,False,0.283,1,[mock] response to: What is the longest river in the world?,
run_003,25,True,False,0.187,1,[mock] response to: How many distinct ways can you arrange the letters of the wo,
run_003,18,True,False,0.485,1,[mock] response to: What planet is known as the Red Planet?,
run_003,27,True,False,0.165,1,[mock] response to: What is the sum of the interior angles of a heptagon in degr,
run_003,28,True,False,0.253,1,[mock] response to: What is the greatest common divisor of 84 and 126?,
run_003,24,True,True,0.379,1,[mock] response to: What is log base 2 of 1024?,
run_003,23,True,False,0.471,1,"[mock] response to: If a shirt costs $80 after a 20% discount, what was the orig",
run_002,78,True,False,0.300,2,"[mock] response to: How many letter R's are in the word ""strawberry""?",
run_003,26,True,False,0.436,1,[mock] response to: What is the derivative of sin(x)?,
run_003,32,True,False,0.221,1,[mock] response to: What does DNA stand for?,
run_003,30,True,False,0.325,1,"[mock] response to: What is the determinant of the 2x2 matrix [[1,2],[3,4]]?",
run_002,85,True,False,0.257,2,[mock] response to: The angles of a triangle are in the ratio 2:3:4. What is the,
run_003,38,True,False,0.163,1,"[mock] response to: You are given the following Python snippet: x = [1,2,3]; y =",
run_003,31,True,False,0.459,1,[mock] response to: Define entropy.,
run_003,35,True,False,0.329,1,"[mock] response to: What HTTP status code indicates ""Too Many Requests""?",
run_003,33,True,False,0.417,1,[mock] response to: What does HTTP stand for?,
run_003,37,True,False,0.348,1,[mock] response to: What is the output of the JavaScript expression: typeof null,
run_003,36,True,False,0.394,1,"[mock] response to: In SQL, what keyword is used to remove duplicate rows from a",
run_003,40,True,False,0.232,1,"[mock] response to: In Git, which command shows the working tree status?",
run_003,41,True,False,0.199,1,[mock] response to: Hello in Spanish?,
run_003,42,True,False,0.213,1,[mock] response to: Goodbye in French?,
run_003,44,True,False,0.114,1,[mock] response to: Currency of Vietnam?,
run_003,39,True,False,0.407,1,[mock] response to: What is the default port for HTTPS?,
run_003,48,True,False,0.143,1,[mock] response to: Which country has the most time zones?,
run_003,45,True,False,0.244,1,[mock] response to: Capital of Mongolia?,
run_003,49,True,False,0.135,1,[mock] response to: On which river does Budapest sit?,
run_003,51,True,False,0.120,1,[mock] response to: In what year did the Berlin Wall fall?,
run_003,50,True,False,0.198,1,[mock] response to: What is the smallest country in the world by area?,
run_003,46,True,False,0.355,1,[mock] response to: Capital of Bhutan?,
run_003,43,True,False,0.474,1,[mock] response to: Currency of Japan?,
run_003,54,True,False,0.138,1,[mock] response to: The Magna Carta was signed in what year?,
run_003,53,True,False,0.292,1,[mock] response to: Which empire was ruled by Genghis Khan?,
run_003,47,True,False,0.493,1,[mock] response to: Capital of Liechtenstein?,
run_003,7,True,False,0.183,2,[mock] response to: Days in a week?,
run_003,57,True,False,0.133,1,[mock] response to: What organelle is known as the powerhouse of the cell?,
run_003,3,True,False,0.346,2,[mock] response to: H2O?,
run_003,60,True,False,0.209,1,[mock] response to: What is the speed of sound in air at sea level in m/s (appro,
run_003,62,True,False,0.178,1,[mock] response to: How many pairs of chromosomes do humans normally have?,
run_003,55,True,False,0.497,1,[mock] response to: Which civilization built Machu Picchu?,
run_003,58,True,False,0.379,1,[mock] response to: What is the SI unit of electrical resistance?,
run_003,56,True,False,0.498,1,[mock] response to: What is the chemical formula for glucose?,
run_002,11,True,False,0.266,4,[mock] response to: What is the largest planet in our solar system?,
run_003,65,True,False,0.202,1,"[mock] response to: In a 12-hour analog clock, what is the angle in degrees betw",
run_003,61,True,False,0.410,1,[mock] response to: At what temperature in Celsius does pure water boil at sea l,
run_003,63,True,False,0.417,1,[mock] response to: What is the name of the boundary around a black hole beyond ,
run_002,72,True,True,0.146,3,"[mock] response to: A farmer has 17 sheep, and all but 9 die. How many are left?",
run_003,67,True,True,0.298,1,"[mock] response to: Passage: ""The Suez Canal, opened in 1869, connects the Medit",
run_003,68,True,False,0.363,1,"[mock] response to: Passage: ""In 1928, Alexander Fleming returned from a holiday",
run_003,66,True,False,0.441,1,"[mock] response to: Read the following passage and answer the question. ""In 1969",
run_003,69,True,False,0.309,1,"[mock] response to: Long context. Passage: ""The Krebs cycle, also known as the c",
run_003,72,True,True,0.186,1,"[mock] response to: A farmer has 17 sheep, and all but 9 die. How many are left?",
run_003,75,True,False,0.164,1,[mock] response to: A bat and a ball cost $1.10 in total. The bat costs $1.00 mo,
run_003,73,True,False,0.248,1,"[mock] response to: If yesterday was Sunday, what day will it be the day after t",
run_003,17,True,False,0.428,2,[mock] response to: Who discovered penicillin?,
run_003,76,True,True,0.160,1,"[mock] response to: If it takes 5 machines 5 minutes to make 5 widgets, how long",
run_003,71,True,False,0.502,1,"[mock] response to: Consider this scenario: Alice, Bob, and Carol each have a di",
run_003,81,True,False,0.252,1,"[mock] response to: How many vowels are in the word """"education""""?",
run_003,78,True,False,0.371,1,"[mock] response to: How many letter R's are in the word ""strawberry""?",
run_003,77,True,False,0.436,1,"[mock] response to: Spell the word """"necessary"""" backwards.",
run_003,82,True,False,0.257,1,[mock] response to: What is the ASCII value of the uppercase letter A?,
run_003,29,True,False,0.494,2,[mock] response to: Evaluate the limit as x approaches 0 of sin(x)/x.,
run_003,80,True,True,0.454,1,"[mock] response to: Identify the odd one out: apple, banana, carrot, grape.",
run_003,86,True,True,0.195,1,[mock] response to: Solve for x: 3x - 7 = 14.,
run_003,83,True,False,0.398,1,[mock] response to: You buy 3 apples at $0.75 each and 2 loaves of bread at $2.5,
run_003,84,True,False,0.451,1,[mock] response to: A car travels 240 km in 3 hours. What is its average speed i,
run_003,87,True,False,0.304,1,[mock] response to: What is the sum 1 + 2 + 3 + ... + 100?,
run_003,88,True,False,0.247,1,[mock] response to: How many degrees are in each interior angle of a regular pen,
run_003,91,True,False,0.178,1,[mock] response to: Multi-part: What is the largest planet and the smallest plan,
run_003,90,True,False,0.208,1,"[mock] response to: Name the four DNA nucleotide bases, comma-separated alphabet",
run_002,92,True,False,0.337,3,"[mock] response to: Multi-part: Who wrote ""Pride and Prejudice"" and in what year",
run_003,34,True,False,0.456,2,[mock] response to: What is the time complexity of binary search on a sorted arr,
run_003,94,True,False,0.177,1,"[mock] response to: Tricky: What weighs more, a pound of feathers or a pound of ",
run_002,96,True,False,0.117,3,[mock] response to: Who composed the opera The Magic Flute?,
run_003,92,True,False,0.371,1,"[mock] response to: Multi-part: Who wrote ""Pride and Prejudice"" and in what year",
run_003,93,True,False,0.276,1,[mock] response to: Tricky: How many months have 28 days?,
run_003,96,True,False,0.310,1,[mock] response to: Who composed the opera The Magic Flute?,
run_003,98,True,False,0.285,1,[mock] response to: Who directed the film Pulp Fiction?,
run_004,2,True,False,0.162,1,[mock] response to: Sky color?,
run_004,4,True,False,0.106,1,[mock] response to: Cat sound?,
run_004,1,True,False,0.262,1,[mock] response to: 2+2?,
run_003,95,True,False,0.501,1,"[mock] response to: Empty answer test (the correct answer is the literal word ""n",
run_003,97,True,False,0.414,1,"[mock] response to: In music theory, how many semitones are in an octave?",
run_003,100,True,False,0.358,1,"[mock] response to: In Greek mythology, who is the king of the gods?",
run_003,99,True,False,0.407,1,[mock] response to: Who is the author of The Brothers Karamazov?,
run_004,5,True,False,0.187,1,[mock] response to: Smallest prime?,
run_004,7,True,False,0.118,1,[mock] response to: Days in a week?,
run_004,6,True,False,0.407,1,[mock] response to: Pi to 2 decimals?,
run_003,52,True,False,0.440,2,[mock] response to: Who was the first emperor of Rome?,
run_004,8,True,False,0.394,1,[mock] response to: Fastest land animal?,
run_004,11,True,False,0.360,1,[mock] response to: What is the largest planet in our solar system?,
run_003,59,True,False,0.366,2,[mock] response to: What is the SI base unit of amount of substance?,
run_004,13,True,False,0.209,1,[mock] response to: How many continents are there?,
run_004,14,True,False,0.280,1,[mock] response to: Who painted the Mona Lisa?,
run_004,16,True,False,0.171,1,[mock] response to: What gas do plants absorb from the atmosphere?,
run_003,64,True,False,0.200,2,[mock] response to: Atomic number of uranium?,
run_004,17,True,False,0.313,1,[mock] response to: Who discovered penicillin?,
run_004,18,True,False,0.109,1,[mock] response to: What planet is known as the Red Planet?,
run_004,19,True,False,0.251,1,[mock] response to: Who wrote 1984?,
run_004,20,True,False,0.462,1,[mock] response to: What is the longest river in the world?,
run_004,22,True,False,0.249,1,[mock] response to: What is the 13th Fibonacci number (with F1=1 and F2=1)?,
run_004,23,True,False,0.206,1,"[mock] response to: If a shirt costs $80 after a 20% discount, what was the orig",
run_004,21,True,False,0.425,1,[mock] response to: A train leaves Station A at 9:00 AM travelling east at 60 km,
run_004,24,True,True,0.316,1,[mock] response to: What is log base 2 of 1024?,
run_004,25,True,False,0.238,1,[mock] response to: How many distinct ways can you arrange the letters of the wo,
run_004,26,True,False,0.261,1,[mock] response to: What is the derivative of sin(x)?,
run_003,74,True,True,0.323,2,[mock] response to: You are running a race and you overtake the person in second,
run_004,27,True,False,0.331,1,[mock] response to: What is the sum of the interior angles of a heptagon in degr,
run_004,28,True,False,0.277,1,[mock] response to: What is the greatest common divisor of 84 and 126?,
run_004,29,True,False,0.220,1,[mock] response to: Evaluate the limit as x approaches 0 of sin(x)/x.,
run_004,30,True,False,0.242,1,"[mock] response to: What is the determinant of the 2x2 matrix [[1,2],[3,4]]?",
run_003,79,True,False,0.326,2,"[mock] response to: What is the next number in the sequence 1, 1, 2, 3, 5, 8, ?",
run_004,31,True,False,0.356,1,[mock] response to: Define entropy.,
run_003,85,True,False,0.181,2,[mock] response to: The angles of a triangle are in the ratio 2:3:4. What is the,
run_004,32,True,False,0.360,1,[mock] response to: What does DNA stand for?,
run_004,33,True,False,0.384,1,[mock] response to: What does HTTP stand for?,
run_004,34,True,False,0.292,1,[mock] response to: What is the time complexity of binary search on a sorted arr,
run_004,36,True,False,0.177,1,"[mock] response to: In SQL, what keyword is used to remove duplicate rows from a",
run_004,35,True,False,0.436,1,"[mock] response to: What HTTP status code indicates ""Too Many Requests""?",
run_004,37,True,False,0.501,1,[mock] response to: What is the output of the JavaScript expression: typeof null,
run_004,38,True,False,0.367,1,"[mock] response to: You are given the following Python snippet: x = [1,2,3]; y =",
run_004,39,True,False,0.481,1,[mock] response to: What is the default port for HTTPS?,
run_003,89,True,False,0.376,2,"[mock] response to: List the planets of the solar system in order from the Sun, ",
run_004,40,True,False,0.283,1,"[mock] response to: In Git, which command shows the working tree status?",
run_004,42,True,False,0.118,1,[mock] response to: Goodbye in French?,
run_004,41,True,False,0.350,1,[mock] response to: Hello in Spanish?,
run_004,43,True,False,0.371,1,[mock] response to: Currency of Japan?,
run_004,44,True,False,0.359,1,[mock] response to: Currency of Vietnam?,
run_004,45,True,False,0.506,1,[mock] response to: Capital of Mongolia?,
run_004,47,True,False,0.212,1,[mock] response to: Capital of Liechtenstein?,
run_004,46,True,False,0.445,1,[mock] response to: Capital of Bhutan?,
run_004,50,True,False,0.126,1,[mock] response to: What is the smallest country in the world by area?,
run_004,48,True,False,0.448,1,[mock] response to: Which country has the most time zones?,
run_004,49,True,False,0.391,1,[mock] response to: On which river does Budapest sit?,
run_004,51,True,False,0.485,1,[mock] response to: In what year did the Berlin Wall fall?,
run_004,54,True,False,0.160,1,[mock] response to: The Magna Carta was signed in what year?,
run_004,52,True,False,0.506,1,[mock] response to: Who was the first emperor of Rome?,
run_004,55,True,False,0.155,1,[mock] response to: Which civilization built Machu Picchu?,
run_004,53,True,False,0.469,1,[mock] response to: Which empire was ruled by Genghis Khan?,
run_004,56,True,False,0.224,1,[mock] response to: What is the chemical formula for glucose?,
run_004,57,True,False,0.181,1,[mock] response to: What organelle is known as the powerhouse of the cell?,
run_004,58,True,False,0.136,1,[mock] response to: What is the SI unit of electrical resistance?,
run_004,3,True,False,0.344,2,[mock] response to: H2O?,
run_004,59,True,False,0.147,1,[mock] response to: What is the SI base unit of amount of substance?,
run_004,61,True,False,0.289,1,[mock] response to: At what temperature in Celsius does pure water boil at sea l,
run_004,60,True,False,0.503,1,[mock] response to: What is the speed of sound in air at sea level in m/s (appro,
run_004,9,True,False,0.353,2,[mock] response to: What is the capital of France?,
run_004,62,True,False,0.319,1,[mock] response to: How many pairs of chromosomes do humans normally have?,
run_004,63,True,False,0.310,1,[mock] response to: What is the name of the boundary around a black hole beyond ,
run_004,64,True,False,0.454,1,[mock] response to: Atomic number of uranium?,
run_004,10,True,False,0.460,2,[mock] response to: Who wrote Hamlet?,
run_004,66,True,False,0.113,1,"[mock] response to: Read the following passage and answer the question. ""In 1969",
run_004,65,True,False,0.402,1,"[mock] response to: In a 12-hour analog clock, what is the angle in degrees betw",
run_004,12,True,False,0.343,2,[mock] response to: What is the chemical symbol for gold?,
run_004,68,True,False,0.216,1,"[mock] response to: Passage: ""In 1928, Alexander Fleming returned from a holiday",
run_004,69,True,False,0.119,1,"[mock] response to: Long context. Passage: ""The Krebs cycle, also known as the c",
run_004,67,True,True,0.492,1,"[mock] response to: Passage: ""The Suez Canal, opened in 1869, connects the Medit",
run_004,15,True,False,0.487,2,[mock] response to: What is the capital of Australia?,
run_004,70,True,False,0.285,1,"[mock] response to: Long context. Passage: ""Black holes can be classified by mas",
run_004,72,True,True,0.131,1,"[mock] response to: A farmer has 17 sheep, and all but 9 die. How many are left?",
run_004,73,True,False,0.209,1,"[mock] response to: If yesterday was Sunday, what day will it be the day after t",
run_004,71,True,False,0.442,1,"[mock] response to: Consider this scenario: Alice, Bob, and Carol each have a di",
run_003,70,True,False,0.107,3,"[mock] response to: Long context. Passage: ""Black holes can be classified by mas",
run_004,74,True,True,0.369,1,[mock] response to: You are running a race and you overtake the person in second,
run_004,75,True,False,0.371,1,[mock] response to: A bat and a ball cost $1.10 in total. The bat costs $1.00 mo,
run_004,76,True,True,0.350,1,"[mock] response to: If it takes 5 machines 5 minutes to make 5 widgets, how long",
run_004,77,True,False,0.370,1,"[mock] response to: Spell the word """"necessary"""" backwards.",
run_004,78,True,False,0.279,1,"[mock] response to: How many letter R's are in the word ""strawberry""?",
run_004,79,True,False,0.438,1,"[mock] response to: What is the next number in the sequence 1, 1, 2, 3, 5, 8, ?",
run_004,81,True,False,0.256,1,"[mock] response to: How many vowels are in the word """"education""""?",
run_004,80,True,True,0.482,1,"[mock] response to: Identify the odd one out: apple, banana, carrot, grape.",
run_004,82,True,False,0.411,1,[mock] response to: What is the ASCII value of the uppercase letter A?,
run_004,84,True,False,0.319,1,[mock] response to: A car travels 240 km in 3 hours. What is its average speed i,
run_004,83,True,False,0.451,1,[mock] response to: You buy 3 apples at $0.75 each and 2 loaves of bread at $2.5,
run_004,86,True,True,0.232,1,[mock] response to: Solve for x: 3x - 7 = 14.,
run_004,87,True,False,0.269,1,[mock] response to: What is the sum 1 + 2 + 3 + ... + 100?,
run_004,85,True,False,0.499,1,[mock] response to: The angles of a triangle are in the ratio 2:3:4. What is the,
run_004,88,True,False,0.384,1,[mock] response to: How many degrees are in each interior angle of a regular pen,
run_004,90,True,False,0.266,1,"[mock] response to: Name the four DNA nucleotide bases, comma-separated alphabet",
run_004,89,True,False,0.496,1,"[mock] response to: List the planets of the solar system in order from the Sun, ",
run_004,91,True,False,0.333,1,[mock] response to: Multi-part: What is the largest planet and the smallest plan,
run_004,92,True,False,0.363,1,"[mock] response to: Multi-part: Who wrote ""Pride and Prejudice"" and in what year",
run_004,94,True,False,0.177,1,"[mock] response to: Tricky: What weighs more, a pound of feathers or a pound of ",
run_004,93,True,False,0.455,1,[mock] response to: Tricky: How many months have 28 days?,
run_004,95,True,False,0.355,1,"[mock] response to: Empty answer test (the correct answer is the literal word ""n",
run_004,96,True,False,0.269,1,[mock] response to: Who composed the opera The Magic Flute?,
run_004,98,True,False,0.203,1,[mock] response to: Who directed the film Pulp Fiction?,
run_004,100,True,False,0.158,1,"[mock] response to: In Greek mythology, who is the king of the gods?",
run_004,97,True,False,0.501,1,"[mock] response to: In music theory, how many semitones are in an octave?",
run_005,1,True,False,0.226,1,[mock] response to: 2+2?,
run_004,99,True,False,0.415,1,[mock] response to: Who is the author of The Brothers Karamazov?,
run_005,4,True,False,0.132,1,[mock] response to: Cat sound?,
run_005,2,True,False,0.378,1,[mock] response to: Sky color?,
run_005,3,True,False,0.412,1,[mock] response to: H2O?,
run_005,6,True,False,0.150,1,[mock] response to: Pi to 2 decimals?,
run_005,5,True,False,0.305,1,[mock] response to: Smallest prime?,
run_005,8,True,False,0.106,1,[mock] response to: Fastest land animal?,
run_005,9,True,False,0.138,1,[mock] response to: What is the capital of France?,
run_005,7,True,False,0.326,1,[mock] response to: Days in a week?,
run_005,10,True,False,0.317,1,[mock] response to: Who wrote Hamlet?,
run_005,11,True,False,0.322,1,[mock] response to: What is the largest planet in our solar system?,
run_005,12,True,False,0.298,1,[mock] response to: What is the chemical symbol for gold?,
run_005,13,True,False,0.347,1,[mock] response to: How many continents are there?,
run_005,14,True,False,0.372,1,[mock] response to: Who painted the Mona Lisa?,
run_005,15,True,False,0.284,1,[mock] response to: What is the capital of Australia?,
run_005,17,True,False,0.164,1,[mock] response to: Who discovered penicillin?,
run_005,16,True,False,0.399,1,[mock] response to: What gas do plants absorb from the atmosphere?,
run_005,18,True,False,0.253,1,[mock] response to: What planet is known as the Red Planet?,
run_005,19,True,False,0.396,1,[mock] response to: Who wrote 1984?,
run_005,21,True,False,0.279,1,[mock] response to: A train leaves Station A at 9:00 AM travelling east at 60 km,
run_005,20,True,False,0.422,1,[mock] response to: What is the longest river in the world?,
run_005,23,True,False,0.212,1,"[mock] response to: If a shirt costs $80 after a 20% discount, what was the orig",
run_005,24,True,True,0.149,1,[mock] response to: What is log base 2 of 1024?,
run_005,22,True,False,0.473,1,[mock] response to: What is the 13th Fibonacci number (with F1=1 and F2=1)?,
run_005,26,True,False,0.217,1,[mock] response to: What is the derivative of sin(x)?,
run_005,25,True,False,0.439,1,[mock] response to: How many distinct ways can you arrange the letters of the wo,
run_005,28,True,False,0.228,1,[mock] response to: What is the greatest common divisor of 84 and 126?,
run_005,29,True,False,0.251,1,[mock] response to: Evaluate the limit as x approaches 0 of sin(x)/x.,
run_005,27,True,False,0.422,1,[mock] response to: What is the sum of the interior angles of a heptagon in degr,
run_005,30,True,False,0.238,1,"[mock] response to: What is the determinant of the 2x2 matrix [[1,2],[3,4]]?",
run_005,33,True,False,0.191,1,[mock] response to: What does HTTP stand for?,
run_005,31,True,False,0.374,1,[mock] response to: Define entropy.,
run_005,34,True,False,0.322,1,[mock] response to: What is the time complexity of binary search on a sorted arr,
run_005,32,True,False,0.482,1,[mock] response to: What does DNA stand for?,
run_005,35,True,False,0.282,1,"[mock] response to: What HTTP status code indicates ""Too Many Requests""?",
run_005,36,True,False,0.311,1,"[mock] response to: In SQL, what keyword is used to remove duplicate rows from a",
run_005,37,True,False,0.294,1,[mock] response to: What is the output of the JavaScript expression: typeof null,
run_005,38,True,False,0.262,1,"[mock] response to: You are given the following Python snippet: x = [1,2,3]; y =",
run_005,40,True,False,0.272,1,"[mock] response to: In Git, which command shows the working tree status?",
run_005,39,True,False,0.350,1,[mock] response to: What is the default port for HTTPS?,
run_005,42,True,False,0.133,1,[mock] response to: Goodbye in French?,
run_005,41,True,False,0.250,1,[mock] response to: Hello in Spanish?,
run_005,44,True,False,0.268,1,[mock] response to: Currency of Vietnam?,
run_005,43,True,False,0.345,1,[mock] response to: Currency of Japan?,
run_005,47,True,False,0.135,1,[mock] response to: Capital of Liechtenstein?,
run_005,45,True,False,0.270,1,[mock] response to: Capital of Mongolia?,
run_005,46,True,False,0.324,1,[mock] response to: Capital of Bhutan?,
run_005,48,True,False,0.274,1,[mock] response to: Which country has the most time zones?,
run_005,52,True,False,0.154,1,[mock] response to: Who was the first emperor of Rome?,
run_005,49,True,False,0.368,1,[mock] response to: On which river does Budapest sit?,
run_005,53,True,False,0.189,1,[mock] response to: Which empire was ruled by Genghis Khan?,
run_005,50,True,False,0.417,1,[mock] response to: What is the smallest country in the world by area?,
run_005,51,True,False,0.363,1,[mock] response to: In what year did the Berlin Wall fall?,
run_005,54,True,False,0.222,1,[mock] response to: The Magna Carta was signed in what year?,
run_005,55,True,False,0.188,1,[mock] response to: Which civilization built Machu Picchu?,
run_005,57,True,False,0.187,1,[mock] response to: What organelle is known as the powerhouse of the cell?,
run_005,56,True,False,0.329,1,[mock] response to: What is the chemical formula for glucose?,
run_005,58,True,False,0.281,1,[mock] response to: What is the SI unit of electrical resistance?,
run_005,59,True,False,0.291,1,[mock] response to: What is the SI base unit of amount of substance?,
run_005,61,True,False,0.208,1,[mock] response to: At what temperature in Celsius does pure water boil at sea l,
run_005,63,True,False,0.165,1,[mock] response to: What is the name of the boundary around a black hole beyond ,
run_005,62,True,False,0.321,1,[mock] response to: How many pairs of chromosomes do humans normally have?,
run_005,64,True,False,0.189,1,[mock] response to: Atomic number of uranium?,
run_005,60,True,False,0.506,1,[mock] response to: What is the speed of sound in air at sea level in m/s (appro,
run_005,65,True,False,0.222,1,"[mock] response to: In a 12-hour analog clock, what is the angle in degrees betw",
run_005,67,True,True,0.130,1,"[mock] response to: Passage: ""The Suez Canal, opened in 1869, connects the Medit",
run_005,66,True,False,0.265,1,"[mock] response to: Read the following passage and answer the question. ""In 1969",
run_005,69,True,False,0.115,1,"[mock] response to: Long context. Passage: ""The Krebs cycle, also known as the c",
run_005,71,True,False,0.126,1,"[mock] response to: Consider this scenario: Alice, Bob, and Carol each have a di",
run_005,68,True,False,0.389,1,"[mock] response to: Passage: ""In 1928, Alexander Fleming returned from a holiday",
run_005,70,True,False,0.261,1,"[mock] response to: Long context. Passage: ""Black holes can be classified by mas",
run_005,72,True,True,0.232,1,"[mock] response to: A farmer has 17 sheep, and all but 9 die. How many are left?",
run_005,74,True,True,0.119,1,[mock] response to: You are running a race and you overtake the person in second,
run_005,76,True,True,0.133,1,"[mock] response to: If it takes 5 machines 5 minutes to make 5 widgets, how long",
run_005,73,True,False,0.386,1,"[mock] response to: If yesterday was Sunday, what day will it be the day after t",
run_005,77,True,False,0.186,1,"[mock] response to: Spell the word """"necessary"""" backwards.",
run_005,75,True,False,0.508,1,[mock] response to: A bat and a ball cost $1.10 in total. The bat costs $1.00 mo,
run_005,80,True,True,0.274,1,"[mock] response to: Identify the odd one out: apple, banana, carrot, grape.",
run_005,78,True,False,0.398,1,"[mock] response to: How many letter R's are in the word ""strawberry""?",
run_005,79,True,False,0.377,1,"[mock] response to: What is the next number in the sequence 1, 1, 2, 3, 5, 8, ?",
run_005,81,True,False,0.397,1,"[mock] response to: How many vowels are in the word """"education""""?",
run_005,83,True,False,0.295,1,[mock] response to: You buy 3 apples at $0.75 each and 2 loaves of bread at $2.5,
run_005,85,True,False,0.199,1,[mock] response to: The angles of a triangle are in the ratio 2:3:4. What is the,
run_005,84,True,False,0.283,1,[mock] response to: A car travels 240 km in 3 hours. What is its average speed i,
run_005,87,True,False,0.111,1,[mock] response to: What is the sum 1 + 2 + 3 + ... + 100?,
run_005,82,True,False,0.497,1,[mock] response to: What is the ASCII value of the uppercase letter A?,
run_005,88,True,False,0.156,1,[mock] response to: How many degrees are in each interior angle of a regular pen,
run_005,86,True,True,0.283,1,[mock] response to: Solve for x: 3x - 7 = 14.,
run_005,90,True,False,0.395,1,"[mock] response to: Name the four DNA nucleotide bases, comma-separated alphabet",
run_005,91,True,False,0.370,1,[mock] response to: Multi-part: What is the largest planet and the smallest plan,
run_005,89,True,False,0.502,1,"[mock] response to: List the planets of the solar system in order from the Sun, ",
run_005,96,True,False,0.119,1,[mock] response to: Who composed the opera The Magic Flute?,
run_005,93,True,False,0.361,1,[mock] response to: Tricky: How many months have 28 days?,
run_005,92,True,False,0.421,1,"[mock] response to: Multi-part: Who wrote ""Pride and Prejudice"" and in what year",
run_005,94,True,False,0.378,1,"[mock] response to: Tricky: What weighs more, a pound of feathers or a pound of ",
run_005,99,True,False,0.154,1,[mock] response to: Who is the author of The Brothers Karamazov?,
run_005,95,True,False,0.436,1,"[mock] response to: Empty answer test (the correct answer is the literal word ""n",
run_005,100,True,False,0.181,1,"[mock] response to: In Greek mythology, who is the king of the gods?",
run_005,97,True,False,0.430,1,"[mock] response to: In music theory, how many semitones are in an octave?",
run_006,2,True,False,0.184,1,[mock] response to: Sky color?,
run_005,98,True,False,0.477,1,[mock] response to: Who directed the film Pulp Fiction?,
run_006,3,True,False,0.324,1,[mock] response to: H2O?,
run_006,1,True,False,0.452,1,[mock] response to: 2+2?,
run_006,6,True,False,0.168,1,[mock] response to: Pi to 2 decimals?,
run_006,8,True,False,0.105,1,[mock] response to: Fastest land animal?,
run_006,4,True,False,0.348,1,[mock] response to: Cat sound?,
run_006,7,True,False,0.231,1,[mock] response to: Days in a week?,
run_006,5,True,False,0.471,1,[mock] response to: Smallest prime?,
run_006,11,True,False,0.222,1,[mock] response to: What is the largest planet in our solar system?,
run_006,10,True,False,0.307,1,[mock] response to: Who wrote Hamlet?,
run_006,9,True,False,0.364,1,[mock] response to: What is the capital of France?,
run_006,14,True,False,0.123,1,[mock] response to: Who painted the Mona Lisa?,
run_006,12,True,False,0.226,1,[mock] response to: What is the chemical symbol for gold?,
run_006,17,True,False,0.111,1,[mock] response to: Who discovered penicillin?,
run_006,18,True,False,0.161,1,[mock] response to: What planet is known as the Red Planet?,
run_006,16,True,False,0.318,1,[mock] response to: What gas do plants absorb from the atmosphere?,
run_006,13,True,False,0.492,1,[mock] response to: How many continents are there?,
run_006,15,True,False,0.458,1,[mock] response to: What is the capital of Australia?,
run_006,22,True,False,0.169,1,[mock] response to: What is the 13th Fibonacci number (with F1=1 and F2=1)?,
run_006,20,True,False,0.385,1,[mock] response to: What is the longest river in the world?,
run_006,19,True,False,0.477,1,[mock] response to: Who wrote 1984?,
run_006,21,True,False,0.394,1,[mock] response to: A train leaves Station A at 9:00 AM travelling east at 60 km,
run_006,27,True,False,0.124,1,[mock] response to: What is the sum of the interior angles of a heptagon in degr,
run_006,23,True,False,0.333,1,"[mock] response to: If a shirt costs $80 after a 20% discount, what was the orig",
run_006,28,True,False,0.109,1,[mock] response to: What is the greatest common divisor of 84 and 126?,
run_006,26,True,False,0.263,1,[mock] response to: What is the derivative of sin(x)?,
run_006,25,True,False,0.340,1,[mock] response to: How many distinct ways can you arrange the letters of the wo,
run_006,30,True,False,0.118,1,"[mock] response to: What is the determinant of the 2x2 matrix [[1,2],[3,4]]?",
run_006,24,True,True,0.485,1,[mock] response to: What is log base 2 of 1024?,
run_006,29,True,False,0.270,1,[mock] response to: Evaluate the limit as x approaches 0 of sin(x)/x.,
run_006,32,True,False,0.214,1,[mock] response to: What does DNA stand for?,
run_006,31,True,False,0.341,1,[mock] response to: Define entropy.,
run_006,34,True,False,0.205,1,[mock] response to: What is the time complexity of binary search on a sorted arr,
run_006,33,True,False,0.318,1,[mock] response to: What does HTTP stand for?,
run_006,38,True,False,0.136,1,"[mock] response to: You are given the following Python snippet: x = [1,2,3]; y =",
run_006,35,True,False,0.391,1,"[mock] response to: What HTTP status code indicates ""Too Many Requests""?",
run_006,37,True,False,0.358,1,[mock] response to: What is the output of the JavaScript expression: typeof null,
run_006,36,True,False,0.411,1,"[mock] response to: In SQL, what keyword is used to remove duplicate rows from a",
run_006,40,True,False,0.235,1,"[mock] response to: In Git, which command shows the working tree status?",
run_006,39,True,False,0.378,1,[mock] response to: What is the default port for HTTPS?,
run_006,41,True,False,0.341,1,[mock] response to: Hello in Spanish?,
run_006,42,True,False,0.307,1,[mock] response to: Goodbye in French?,
run_006,43,True,False,0.260,1,[mock] response to: Currency of Japan?,
run_006,45,True,False,0.223,1,[mock] response to: Capital of Mongolia?,
run_006,46,True,False,0.267,1,[mock] response to: Capital of Bhutan?,
run_006,50,True,False,0.113,1,[mock] response to: What is the smallest country in the world by area?,
run_006,48,True,False,0.215,1,[mock] response to: Which country has the most time zones?,
run_006,44,True,False,0.442,1,[mock] response to: Currency of Vietnam?,
run_006,49,True,False,0.203,1,[mock] response to: On which river does Budapest sit?,
run_006,47,True,False,0.456,1,[mock] response to: Capital of Liechtenstein?,
run_006,52,True,False,0.292,1,[mock] response to: Who was the first emperor of Rome?,
run_006,51,True,False,0.379,1,[mock] response to: In what year did the Berlin Wall fall?,
run_006,54,True,False,0.287,1,[mock] response to: The Magna Carta was signed in what year?,
run_006,56,True,False,0.231,1,[mock] response to: What is the chemical formula for glucose?,
run_006,53,True,False,0.367,1,[mock] response to: Which empire was ruled by Genghis Khan?,
run_006,57,True,False,0.244,1,[mock] response to: What organelle is known as the powerhouse of the cell?,
run_006,59,True,False,0.193,1,[mock] response to: What is the SI base unit of amount of substance?,
run_006,55,True,False,0.381,1,[mock] response to: Which civilization built Machu Picchu?,
run_006,58,True,False,0.271,1,[mock] response to: What is the SI unit of electrical resistance?,
run_006,64,True,False,0.176,1,[mock] response to: Atomic number of uranium?,
run_006,61,True,False,0.311,1,[mock] response to: At what temperature in Celsius does pure water boil at sea l,
run_006,65,True,False,0.159,1,"[mock] response to: In a 12-hour analog clock, what is the angle in degrees betw",
run_006,60,True,False,0.381,1,[mock] response to: What is the speed of sound in air at sea level in m/s (appro,
run_006,63,True,False,0.337,1,[mock] response to: What is the name of the boundary around a black hole beyond ,
run_006,62,True,False,0.471,1,[mock] response to: How many pairs of chromosomes do humans normally have?,
run_006,67,True,True,0.389,1,"[mock] response to: Passage: ""The Suez Canal, opened in 1869, connects the Medit",
run_006,66,True,False,0.470,1,"[mock] response to: Read the following passage and answer the question. ""In 1969",
run_006,69,True,False,0.353,1,"[mock] response to: Long context. Passage: ""The Krebs cycle, also known as the c",
run_006,71,True,False,0.319,1,"[mock] response to: Consider this scenario: Alice, Bob, and Carol each have a di",
run_006,70,True,False,0.366,1,"[mock] response to: Long context. Passage: ""Black holes can be classified by mas",
run_006,68,True,False,0.457,1,"[mock] response to: Passage: ""In 1928, Alexander Fleming returned from a holiday",
run_006,75,True,False,0.185,1,[mock] response to: A bat and a ball cost $1.10 in total. The bat costs $1.00 mo,
run_006,72,True,True,0.404,1,"[mock] response to: A farmer has 17 sheep, and all but 9 die. How many are left?",
run_006,78,True,False,0.133,1,"[mock] response to: How many letter R's are in the word ""strawberry""?",
run_006,79,True,False,0.137,1,"[mock] response to: What is the next number in the sequence 1, 1, 2, 3, 5, 8, ?",
run_006,73,True,False,0.413,1,"[mock] response to: If yesterday was Sunday, what day will it be the day after t",
run_006,76,True,True,0.280,1,"[mock] response to: If it takes 5 machines 5 minutes to make 5 widgets, how long",
run_006,77,True,False,0.305,1,"[mock] response to: Spell the word """"necessary"""" backwards.",
run_006,80,True,True,0.176,1,"[mock] response to: Identify the odd one out: apple, banana, carrot, grape.",
run_006,88,True,False,0.127,1,[mock] response to: How many degrees are in each interior angle of a regular pen,
run_006,81,True,False,0.481,1,"[mock] response to: How many vowels are in the word """"education""""?",
run_006,87,True,False,0.245,1,[mock] response to: What is the sum 1 + 2 + 3 + ... + 100?,
run_006,83,True,False,0.437,1,[mock] response to: You buy 3 apples at $0.75 each and 2 loaves of bread at $2.5,
run_006,82,True,False,0.507,1,[mock] response to: What is the ASCII value of the uppercase letter A?,
run_006,84,True,False,0.490,1,[mock] response to: A car travels 240 km in 3 hours. What is its average speed i,
run_006,85,True,False,0.484,1,[mock] response to: The angles of a triangle are in the ratio 2:3:4. What is the,
run_006,86,True,True,0.474,1,[mock] response to: Solve for x: 3x - 7 = 14.,
run_006,97,True,False,0.126,1,"[mock] response to: In music theory, how many semitones are in an octave?",
run_006,93,True,False,0.361,1,[mock] response to: Tricky: How many months have 28 days?,
run_006,92,True,False,0.390,1,"[mock] response to: Multi-part: Who wrote ""Pride and Prejudice"" and in what year",
run_006,90,True,False,0.501,1,"[mock] response to: Name the four DNA nucleotide bases, comma-separated alphabet",
run_006,99,True,False,0.116,1,[mock] response to: Who is the author of The Brothers Karamazov?,
run_006,91,True,False,0.489,1,[mock] response to: Multi-part: What is the largest planet and the smallest plan,
run_006,94,True,False,0.488,1,"[mock] response to: Tricky: What weighs more, a pound of feathers or a pound of ",
run_007,2,True,False,0.172,1,[mock] response to: Sky color?,
run_007,4,True,False,0.112,1,[mock] response to: Cat sound?,
run_006,98,True,False,0.388,1,[mock] response to: Who directed the film Pulp Fiction?,
run_006,96,True,False,0.485,1,[mock] response to: Who composed the opera The Magic Flute?,
run_006,100,True,False,0.493,1,"[mock] response to: In Greek mythology, who is the king of the gods?",
run_007,3,True,False,0.439,1,[mock] response to: H2O?,
run_007,7,True,False,0.468,1,[mock] response to: Days in a week?,
run_007,8,True,False,0.502,1,[mock] response to: Fastest land animal?,
run_007,11,True,False,0.185,1,[mock] response to: What is the largest planet in our solar system?,
run_007,10,True,False,0.349,1,[mock] response to: Who wrote Hamlet?,
run_007,14,True,False,0.135,1,[mock] response to: Who painted the Mona Lisa?,
run_007,13,True,False,0.322,1,[mock] response to: How many continents are there?,
run_007,15,True,False,0.136,1,[mock] response to: What is the capital of Australia?,
run_007,16,True,False,0.345,1,[mock] response to: What gas do plants absorb from the atmosphere?,
run_007,17,True,False,0.374,1,[mock] response to: Who discovered penicillin?,
run_007,18,True,False,0.327,1,[mock] response to: What planet is known as the Red Planet?,
run_007,20,True,False,0.256,1,[mock] response to: What is the longest river in the world?,
run_007,22,True,False,0.129,1,[mock] response to: What is the 13th Fibonacci number (with F1=1 and F2=1)?,
run_007,21,True,False,0.436,1,[mock] response to: A train leaves Station A at 9:00 AM travelling east at 60 km,
run_007,24,True,True,0.223,1,[mock] response to: What is log base 2 of 1024?,
run_007,23,True,False,0.483,1,"[mock] response to: If a shirt costs $80 after a 20% discount, what was the orig",
run_007,25,True,False,0.144,1,[mock] response to: How many distinct ways can you arrange the letters of the wo,
run_007,26,True,False,0.211,1,[mock] response to: What is the derivative of sin(x)?,
run_007,27,True,False,0.405,1,[mock] response to: What is the sum of the interior angles of a heptagon in degr,
run_007,28,True,False,0.452,1,[mock] response to: What is the greatest common divisor of 84 and 126?,
run_007,30,True,False,0.133,1,"[mock] response to: What is the determinant of the 2x2 matrix [[1,2],[3,4]]?",
run_007,29,True,False,0.433,1,[mock] response to: Evaluate the limit as x approaches 0 of sin(x)/x.,
run_007,31,True,False,0.215,1,[mock] response to: Define entropy.,
run_007,32,True,False,0.353,1,[mock] response to: What does DNA stand for?,
run_007,33,True,False,0.457,1,[mock] response to: What does HTTP stand for?,
run_007,34,True,False,0.395,1,[mock] response to: What is the time complexity of binary search on a sorted arr,
run_007,35,True,False,0.447,1,"[mock] response to: What HTTP status code indicates ""Too Many Requests""?",
run_007,36,True,False,0.126,1,"[mock] response to: In SQL, what keyword is used to remove duplicate rows from a",
run_006,74,True,True,0.326,2,[mock] response to: You are running a race and you overtake the person in second,
run_007,38,True,False,0.246,1,"[mock] response to: You are given the following Python snippet: x = [1,2,3]; y =",
run_007,37,True,False,0.490,1,[mock] response to: What is the output of the JavaScript expression: typeof null,
run_007,39,True,False,0.203,1,[mock] response to: What is the default port for HTTPS?,
run_007,40,True,False,0.163,1,"[mock] response to: In Git, which command shows the working tree status?",
run_007,41,True,False,0.229,1,[mock] response to: Hello in Spanish?,
run_007,42,True,False,0.438,1,[mock] response to: Goodbye in French?,
run_007,43,True,False,0.303,1,[mock] response to: Currency of Japan?,
run_006,89,True,False,0.188,2,"[mock] response to: List the planets of the solar system in order from the Sun, ",
run_007,44,True,False,0.421,1,[mock] response to: Currency of Vietnam?,
run_007,46,True,False,0.253,1,[mock] response to: Capital of Bhutan?,
run_007,45,True,False,0.466,1,[mock] response to: Capital of Mongolia?,
run_007,47,True,False,0.327,1,[mock] response to: Capital of Liechtenstein?,
run_007,49,True,False,0.197,1,[mock] response to: On which river does Budapest sit?,
run_007,48,True,False,0.368,1,[mock] response to: Which country has the most time zones?,
run_007,50,True,False,0.161,1,[mock] response to: What is the smallest country in the world by area?,
run_006,95,True,False,0.132,2,"[mock] response to: Empty answer test (the correct answer is the literal word ""n",
run_007,51,True,False,0.304,1,[mock] response to: In what year did the Berlin Wall fall?,
run_007,52,True,False,0.311,1,[mock] response to: Who was the first emperor of Rome?,
run_007,53,True,False,0.219,1,[mock] response to: Which empire was ruled by Genghis Khan?,
run_007,54,True,False,0.345,1,[mock] response to: The Magna Carta was signed in what year?,
run_007,1,True,False,0.426,2,[mock] response to: 2+2?,
run_007,55,True,False,0.302,1,[mock] response to: Which civilization built Machu Picchu?,
run_007,56,True,False,0.344,1,[mock] response to: What is the chemical formula for glucose?,
run_007,58,True,False,0.202,1,[mock] response to: What is the SI unit of electrical resistance?,
run_007,57,True,False,0.336,1,[mock] response to: What organelle is known as the powerhouse of the cell?,
run_007,59,True,False,0.278,1,[mock] response to: What is the SI base unit of amount of substance?,
run_007,61,True,False,0.146,1,[mock] response to: At what temperature in Celsius does pure water boil at sea l,
run_007,60,True,False,0.425,1,[mock] response to: What is the speed of sound in air at sea level in m/s (appro,
run_007,5,True,False,0.488,2,[mock] response to: Smallest prime?,
run_007,63,True,False,0.281,1,[mock] response to: What is the name of the boundary around a black hole beyond ,
run_007,62,True,False,0.410,1,[mock] response to: How many pairs of chromosomes do humans normally have?,
run_007,6,True,False,0.117,2,[mock] response to: Pi to 2 decimals?,
run_007,64,True,False,0.274,1,[mock] response to: Atomic number of uranium?,
run_007,9,True,False,0.177,2,[mock] response to: What is the capital of France?,
run_007,66,True,False,0.145,1,"[mock] response to: Read the following passage and answer the question. ""In 1969",
run_007,65,True,False,0.477,1,"[mock] response to: In a 12-hour analog clock, what is the angle in degrees betw",
run_007,12,True,False,0.176,2,[mock] response to: What is the chemical symbol for gold?,
run_007,68,True,False,0.208,1,"[mock] response to: Passage: ""In 1928, Alexander Fleming returned from a holiday",
run_007,67,True,True,0.443,1,"[mock] response to: Passage: ""The Suez Canal, opened in 1869, connects the Medit",
run_007,69,True,False,0.463,1,"[mock] response to: Long context. Passage: ""The Krebs cycle, also known as the c",
run_007,71,True,False,0.271,1,"[mock] response to: Consider this scenario: Alice, Bob, and Carol each have a di",
run_007,70,True,False,0.449,1,"[mock] response to: Long context. Passage: ""Black holes can be classified by mas",
run_007,73,True,False,0.160,1,"[mock] response to: If yesterday was Sunday, what day will it be the day after t",
run_007,72,True,True,0.422,1,"[mock] response to: A farmer has 17 sheep, and all but 9 die. How many are left?",
run_007,74,True,True,0.245,1,[mock] response to: You are running a race and you overtake the person in second,
run_007,75,True,False,0.277,1,[mock] response to: A bat and a ball cost $1.10 in total. The bat costs $1.00 mo,
run_007,76,True,True,0.197,1,"[mock] response to: If it takes 5 machines 5 minutes to make 5 widgets, how long",
run_007,19,True,False,0.449,2,[mock] response to: Who wrote 1984?,
run_007,77,True,False,0.280,1,"[mock] response to: Spell the word """"necessary"""" backwards.",
run_007,78,True,False,0.210,1,"[mock] response to: How many letter R's are in the word ""strawberry""?",
run_007,79,True,False,0.407,1,"[mock] response to: What is the next number in the sequence 1, 1, 2, 3, 5, 8, ?",
run_007,81,True,False,0.319,1,"[mock] response to: How many vowels are in the word """"education""""?",
run_007,82,True,False,0.261,1,[mock] response to: What is the ASCII value of the uppercase letter A?,
run_007,80,True,True,0.494,1,"[mock] response to: Identify the odd one out: apple, banana, carrot, grape.",
run_007,83,True,False,0.266,1,[mock] response to: You buy 3 apples at $0.75 each and 2 loaves of bread at $2.5,
run_007,85,True,False,0.181,1,[mock] response to: The angles of a triangle are in the ratio 2:3:4. What is the,
run_007,86,True,True,0.253,1,[mock] response to: Solve for x: 3x - 7 = 14.,
run_007,84,True,False,0.457,1,[mock] response to: A car travels 240 km in 3 hours. What is its average speed i,
run_007,87,True,False,0.356,1,[mock] response to: What is the sum 1 + 2 + 3 + ... + 100?,
run_007,88,True,False,0.379,1,[mock] response to: How many degrees are in each interior angle of a regular pen,
run_007,89,True,False,0.295,1,"[mock] response to: List the planets of the solar system in order from the Sun, ",
run_007,91,True,False,0.114,1,[mock] response to: Multi-part: What is the largest planet and the smallest plan,
run_007,90,True,False,0.460,1,"[mock] response to: Name the four DNA nucleotide bases, comma-separated alphabet",
run_007,92,True,False,0.302,1,"[mock] response to: Multi-part: Who wrote ""Pride and Prejudice"" and in what year",
run_007,94,True,False,0.126,1,"[mock] response to: Tricky: What weighs more, a pound of feathers or a pound of ",
run_007,95,True,False,0.111,1,"[mock] response to: Empty answer test (the correct answer is the literal word ""n",
run_007,96,True,False,0.111,1,[mock] response to: Who composed the opera The Magic Flute?,
run_007,93,True,False,0.399,1,[mock] response to: Tricky: How many months have 28 days?,
run_007,98,True,False,0.212,1,[mock] response to: Who directed the film Pulp Fiction?,
run_007,97,True,False,0.418,1,"[mock] response to: In music theory, how many semitones are in an octave?",
run_008,1,True,False,0.112,1,[mock] response to: 2+2?,
run_007,99,True,False,0.305,1,[mock] response to: Who is the author of The Brothers Karamazov?,
run_007,100,True,False,0.231,1,"[mock] response to: In Greek mythology, who is the king of the gods?",
run_008,2,True,False,0.184,1,[mock] response to: Sky color?,
run_008,3,True,False,0.149,1,[mock] response to: H2O?,
run_008,5,True,False,0.170,1,[mock] response to: Smallest prime?,
run_008,6,True,False,0.141,1,[mock] response to: Pi to 2 decimals?,
run_008,7,True,False,0.117,1,[mock] response to: Days in a week?,
run_008,4,True,False,0.496,1,[mock] response to: Cat sound?,
run_008,9,True,False,0.290,1,[mock] response to: What is the capital of France?,
run_008,8,True,False,0.436,1,[mock] response to: Fastest land animal?,
run_008,10,True,False,0.423,1,[mock] response to: Who wrote Hamlet?,
run_008,14,True,False,0.155,1,[mock] response to: Who painted the Mona Lisa?,
run_008,11,True,False,0.434,1,[mock] response to: What is the largest planet in our solar system?,
run_008,12,True,False,0.389,1,[mock] response to: What is the chemical symbol for gold?,
run_008,15,True,False,0.241,1,[mock] response to: What is the capital of Australia?,
run_008,13,True,False,0.478,1,[mock] response to: How many continents are there?,
run_008,16,True,False,0.236,1,[mock] response to: What gas do plants absorb from the atmosphere?,
run_008,18,True,False,0.156,1,[mock] response to: What planet is known as the Red Planet?,
run_008,19,True,False,0.200,1,[mock] response to: Who wrote 1984?,
run_008,17,True,False,0.408,1,[mock] response to: Who discovered penicillin?,
run_008,20,True,False,0.428,1,[mock] response to: What is the longest river in the world?,
run_008,21,True,False,0.495,1,[mock] response to: A train leaves Station A at 9:00 AM travelling east at 60 km,
run_008,23,True,False,0.388,1,"[mock] response to: If a shirt costs $80 after a 20% discount, what was the orig",
run_008,25,True,False,0.247,1,[mock] response to: How many distinct ways can you arrange the letters of the wo,
run_008,24,True,True,0.333,1,[mock] response to: What is log base 2 of 1024?,
run_008,22,True,False,0.495,1,[mock] response to: What is the 13th Fibonacci number (with F1=1 and F2=1)?,
run_008,27,True,False,0.135,1,[mock] response to: What is the sum of the interior angles of a heptagon in degr,
run_008,26,True,False,0.335,1,[mock] response to: What is the derivative of sin(x)?,
run_008,30,True,False,0.219,1,"[mock] response to: What is the determinant of the 2x2 matrix [[1,2],[3,4]]?",
run_008,28,True,False,0.386,1,[mock] response to: What is the greatest common divisor of 84 and 126?,
run_008,29,True,False,0.405,1,[mock] response to: Evaluate the limit as x approaches 0 of sin(x)/x.,
run_008,32,True,False,0.293,1,[mock] response to: What does DNA stand for?,
run_008,31,True,False,0.378,1,[mock] response to: Define entropy.,
run_008,33,True,False,0.283,1,[mock] response to: What does HTTP stand for?,
run_008,36,True,False,0.113,1,"[mock] response to: In SQL, what keyword is used to remove duplicate rows from a",
run_008,35,True,False,0.324,1,"[mock] response to: What HTTP status code indicates ""Too Many Requests""?",
run_008,34,True,False,0.487,1,[mock] response to: What is the time complexity of binary search on a sorted arr,
run_008,39,True,False,0.228,1,[mock] response to: What is the default port for HTTPS?,
run_008,37,True,False,0.426,1,[mock] response to: What is the output of the JavaScript expression: typeof null,
run_008,40,True,False,0.226,1,"[mock] response to: In Git, which command shows the working tree status?",
run_008,38,True,False,0.454,1,"[mock] response to: You are given the following Python snippet: x = [1,2,3]; y =",
run_008,42,True,False,0.155,1,[mock] response to: Goodbye in French?,
run_008,41,True,False,0.443,1,[mock] response to: Hello in Spanish?,
run_008,46,True,False,0.228,1,[mock] response to: Capital of Bhutan?,
run_008,43,True,False,0.439,1,[mock] response to: Currency of Japan?,
run_008,48,True,False,0.137,1,[mock] response to: Which country has the most time zones?,
run_008,44,True,False,0.460,1,[mock] response to: Currency of Vietnam?,
run_008,45,True,False,0.395,1,[mock] response to: Capital of Mongolia?,
run_008,49,True,False,0.140,1,[mock] response to: On which river does Budapest sit?,
run_008,50,True,False,0.173,1,[mock] response to: What is the smallest country in the world by area?,
run_008,47,True,False,0.486,1,[mock] response to: Capital of Liechtenstein?,
run_008,52,True,False,0.152,1,[mock] response to: Who was the first emperor of Rome?,
run_008,51,True,False,0.435,1,[mock] response to: In what year did the Berlin Wall fall?,
run_008,56,True,False,0.224,1,[mock] response to: What is the chemical formula for glucose?,
run_008,57,True,False,0.159,1,[mock] response to: What organelle is known as the powerhouse of the cell?,
run_008,54,True,False,0.363,1,[mock] response to: The Magna Carta was signed in what year?,
run_008,53,True,False,0.491,1,[mock] response to: Which empire was ruled by Genghis Khan?,
run_008,55,True,False,0.494,1,[mock] response to: Which civilization built Machu Picchu?,
run_008,59,True,False,0.246,1,[mock] response to: What is the SI base unit of amount of substance?,
run_008,58,True,False,0.377,1,[mock] response to: What is the SI unit of electrical resistance?,
run_008,60,True,False,0.337,1,[mock] response to: What is the speed of sound in air at sea level in m/s (appro,
run_008,62,True,False,0.280,1,[mock] response to: How many pairs of chromosomes do humans normally have?,
run_008,63,True,False,0.235,1,[mock] response to: What is the name of the boundary around a black hole beyond ,
run_008,61,True,False,0.440,1,[mock] response to: At what temperature in Celsius does pure water boil at sea l,
run_008,66,True,False,0.151,1,"[mock] response to: Read the following passage and answer the question. ""In 1969",
run_008,67,True,True,0.138,1,"[mock] response to: Passage: ""The Suez Canal, opened in 1869, connects the Medit",
run_008,69,True,False,0.120,1,"[mock] response to: Long context. Passage: ""The Krebs cycle, also known as the c",
run_008,64,True,False,0.489,1,[mock] response to: Atomic number of uranium?,
run_008,65,True,False,0.441,1,"[mock] response to: In a 12-hour analog clock, what is the angle in degrees betw",
run_008,71,True,False,0.158,1,"[mock] response to: Consider this scenario: Alice, Bob, and Carol each have a di",
run_008,68,True,False,0.399,1,"[mock] response to: Passage: ""In 1928, Alexander Fleming returned from a holiday",
run_008,73,True,False,0.246,1,"[mock] response to: If yesterday was Sunday, what day will it be the day after t",
run_008,70,True,False,0.479,1,"[mock] response to: Long context. Passage: ""Black holes can be classified by mas",
run_008,74,True,True,0.245,1,[mock] response to: You are running a race and you overtake the person in second,
run_008,72,True,True,0.383,1,"[mock] response to: A farmer has 17 sheep, and all but 9 die. How many are left?",
run_008,75,True,False,0.387,1,[mock] response to: A bat and a ball cost $1.10 in total. The bat costs $1.00 mo,
run_008,79,True,False,0.248,1,"[mock] response to: What is the next number in the sequence 1, 1, 2, 3, 5, 8, ?",
run_008,76,True,True,0.424,1,"[mock] response to: If it takes 5 machines 5 minutes to make 5 widgets, how long",
run_008,80,True,True,0.202,1,"[mock] response to: Identify the odd one out: apple, banana, carrot, grape.",
run_008,77,True,False,0.471,1,"[mock] response to: Spell the word """"necessary"""" backwards.",
run_008,78,True,False,0.426,1,"[mock] response to: How many letter R's are in the word ""strawberry""?",
run_008,81,True,False,0.255,1,"[mock] response to: How many vowels are in the word """"education""""?",
run_008,82,True,False,0.414,1,[mock] response to: What is the ASCII value of the uppercase letter A?,
run_008,83,True,False,0.383,1,[mock] response to: You buy 3 apples at $0.75 each and 2 loaves of bread at $2.5,
run_008,84,True,False,0.326,1,[mock] response to: A car travels 240 km in 3 hours. What is its average speed i,
run_008,85,True,False,0.373,1,[mock] response to: The angles of a triangle are in the ratio 2:3:4. What is the,
run_008,87,True,False,0.263,1,[mock] response to: What is the sum 1 + 2 + 3 + ... + 100?,
run_008,88,True,False,0.265,1,[mock] response to: How many degrees are in each interior angle of a regular pen,
run_008,90,True,False,0.166,1,"[mock] response to: Name the four DNA nucleotide bases, comma-separated alphabet",
run_008,86,True,True,0.474,1,[mock] response to: Solve for x: 3x - 7 = 14.,
run_008,89,True,False,0.317,1,"[mock] response to: List the planets of the solar system in order from the Sun, ",
run_008,91,True,False,0.214,1,[mock] response to: Multi-part: What is the largest planet and the smallest plan,
run_008,95,True,False,0.107,1,"[mock] response to: Empty answer test (the correct answer is the literal word ""n",
run_008,93,True,False,0.236,1,[mock] response to: Tricky: How many months have 28 days?,
run_008,92,True,False,0.359,1,"[mock] response to: Multi-part: Who wrote ""Pride and Prejudice"" and in what year",
run_008,97,True,False,0.131,1,"[mock] response to: In music theory, how many semitones are in an octave?",
run_008,94,True,False,0.349,1,"[mock] response to: Tricky: What weighs more, a pound of feathers or a pound of ",
run_008,98,True,False,0.162,1,[mock] response to: Who directed the film Pulp Fiction?,
run_008,96,True,False,0.453,1,[mock] response to: Who composed the opera The Magic Flute?,
run_009,2,True,False,0.170,1,[mock] response to: Sky color?,
run_008,100,True,False,0.298,1,"[mock] response to: In Greek mythology, who is the king of the gods?",
run_008,99,True,False,0.483,1,[mock] response to: Who is the author of The Brothers Karamazov?,
run_009,1,True,False,0.383,1,[mock] response to: 2+2?,
run_009,3,True,False,0.308,1,[mock] response to: H2O?,
run_009,6,True,False,0.277,1,[mock] response to: Pi to 2 decimals?,
run_009,7,True,False,0.230,1,[mock] response to: Days in a week?,
run_009,8,True,False,0.175,1,[mock] response to: Fastest land animal?,
run_009,9,True,False,0.125,1,[mock] response to: What is the capital of France?,
run_009,4,True,False,0.456,1,[mock] response to: Cat sound?,
run_009,5,True,False,0.471,1,[mock] response to: Smallest prime?,
run_009,11,True,False,0.140,1,[mock] response to: What is the largest planet in our solar system?,
run_009,12,True,False,0.198,1,[mock] response to: What is the chemical symbol for gold?,
run_009,13,True,False,0.218,1,[mock] response to: How many continents are there?,
run_009,10,True,False,0.407,1,[mock] response to: Who wrote Hamlet?,
run_009,17,True,False,0.110,1,[mock] response to: Who discovered penicillin?,
run_009,14,True,False,0.280,1,[mock] response to: Who painted the Mona Lisa?,
run_009,16,True,False,0.211,1,[mock] response to: What gas do plants absorb from the atmosphere?,
run_009,15,True,False,0.331,1,[mock] response to: What is the capital of Australia?,
run_009,18,True,False,0.185,1,[mock] response to: What planet is known as the Red Planet?,
run_009,20,True,False,0.124,1,[mock] response to: What is the longest river in the world?,
run_009,21,True,False,0.124,1,[mock] response to: A train leaves Station A at 9:00 AM travelling east at 60 km,
run_009,22,True,False,0.217,1,[mock] response to: What is the 13th Fibonacci number (with F1=1 and F2=1)?,
run_009,23,True,False,0.263,1,"[mock] response to: If a shirt costs $80 after a 20% discount, what was the orig",
run_009,19,True,False,0.477,1,[mock] response to: Who wrote 1984?,
run_009,25,True,False,0.197,1,[mock] response to: How many distinct ways can you arrange the letters of the wo,
run_009,24,True,True,0.397,1,[mock] response to: What is log base 2 of 1024?,
run_009,31,True,False,0.156,1,[mock] response to: Define entropy.,
run_009,30,True,False,0.248,1,"[mock] response to: What is the determinant of the 2x2 matrix [[1,2],[3,4]]?",
run_009,29,True,False,0.345,1,[mock] response to: Evaluate the limit as x approaches 0 of sin(x)/x.,
run_009,26,True,False,0.498,1,[mock] response to: What is the derivative of sin(x)?,
run_009,27,True,False,0.459,1,[mock] response to: What is the sum of the interior angles of a heptagon in degr,
run_009,28,True,False,0.471,1,[mock] response to: What is the greatest common divisor of 84 and 126?,
run_009,33,True,False,0.313,1,[mock] response to: What does HTTP stand for?,
run_009,32,True,False,0.390,1,[mock] response to: What does DNA stand for?,
run_009,35,True,False,0.257,1,"[mock] response to: What HTTP status code indicates ""Too Many Requests""?",
run_009,37,True,False,0.188,1,[mock] response to: What is the output of the JavaScript expression: typeof null,
run_009,34,True,False,0.417,1,[mock] response to: What is the time complexity of binary search on a sorted arr,
run_009,40,True,False,0.129,1,"[mock] response to: In Git, which command shows the working tree status?",
run_009,36,True,False,0.344,1,"[mock] response to: In SQL, what keyword is used to remove duplicate rows from a",
run_009,39,True,False,0.278,1,[mock] response to: What is the default port for HTTPS?,
run_009,38,True,False,0.441,1,"[mock] response to: You are given the following Python snippet: x = [1,2,3]; y =",
run_009,45,True,False,0.112,1,[mock] response to: Capital of Mongolia?,
run_009,43,True,False,0.244,1,[mock] response to: Currency of Japan?,
run_009,41,True,False,0.387,1,[mock] response to: Hello in Spanish?,
run_009,42,True,False,0.345,1,[mock] response to: Goodbye in French?,
run_009,44,True,False,0.373,1,[mock] response to: Currency of Vietnam?,
run_009,46,True,False,0.329,1,[mock] response to: Capital of Bhutan?,
run_009,48,True,False,0.314,1,[mock] response to: Which country has the most time zones?,
run_009,47,True,False,0.410,1,[mock] response to: Capital of Liechtenstein?,
run_009,51,True,False,0.247,1,[mock] response to: In what year did the Berlin Wall fall?,
run_009,54,True,False,0.129,1,[mock] response to: The Magna Carta was signed in what year?,
run_009,49,True,False,0.353,1,[mock] response to: On which river does Budapest sit?,
run_009,50,True,False,0.341,1,[mock] response to: What is the smallest country in the world by area?,
run_009,53,True,False,0.234,1,[mock] response to: Which empire was ruled by Genghis Khan?,
run_009,52,True,False,0.281,1,[mock] response to: Who was the first emperor of Rome?,
run_009,61,True,False,0.135,1,[mock] response to: At what temperature in Celsius does pure water boil at sea l,
run_009,55,True,False,0.428,1,[mock] response to: Which civilization built Machu Picchu?,
run_009,56,True,False,0.384,1,[mock] response to: What is the chemical formula for glucose?,
run_009,59,True,False,0.265,1,[mock] response to: What is the SI base unit of amount of substance?,
run_009,57,True,False,0.470,1,[mock] response to: What organelle is known as the powerhouse of the cell?,
run_009,62,True,False,0.299,1,[mock] response to: How many pairs of chromosomes do humans normally have?,
run_009,58,True,False,0.493,1,[mock] response to: What is the SI unit of electrical resistance?,
run_009,60,True,False,0.414,1,[mock] response to: What is the speed of sound in air at sea level in m/s (appro,
run_009,65,True,False,0.195,1,"[mock] response to: In a 12-hour analog clock, what is the angle in degrees betw",
run_009,67,True,True,0.215,1,"[mock] response to: Passage: ""The Suez Canal, opened in 1869, connects the Medit",
run_009,64,True,False,0.392,1,[mock] response to: Atomic number of uranium?,
run_009,70,True,False,0.173,1,"[mock] response to: Long context. Passage: ""Black holes can be classified by mas",
run_009,66,True,False,0.357,1,"[mock] response to: Read the following passage and answer the question. ""In 1969",
run_009,72,True,True,0.111,1,"[mock] response to: A farmer has 17 sheep, and all but 9 die. How many are left?",
run_009,73,True,False,0.113,1,"[mock] response to: If yesterday was Sunday, what day will it be the day after t",
run_009,68,True,False,0.456,1,"[mock] response to: Passage: ""In 1928, Alexander Fleming returned from a holiday",
run_009,74,True,True,0.229,1,[mock] response to: You are running a race and you overtake the person in second,
run_009,69,True,False,0.477,1,"[mock] response to: Long context. Passage: ""The Krebs cycle, also known as the c",
run_009,71,True,False,0.417,1,"[mock] response to: Consider this scenario: Alice, Bob, and Carol each have a di",
run_009,75,True,False,0.259,1,[mock] response to: A bat and a ball cost $1.10 in total. The bat costs $1.00 mo,
run_009,79,True,False,0.110,1,"[mock] response to: What is the next number in the sequence 1, 1, 2, 3, 5, 8, ?",
run_009,76,True,True,0.425,1,"[mock] response to: If it takes 5 machines 5 minutes to make 5 widgets, how long",
run_009,77,True,False,0.399,1,"[mock] response to: Spell the word """"necessary"""" backwards.",
run_009,84,True,False,0.143,1,[mock] response to: A car travels 240 km in 3 hours. What is its average speed i,
run_009,78,True,False,0.406,1,"[mock] response to: How many letter R's are in the word ""strawberry""?",
run_009,83,True,False,0.234,1,[mock] response to: You buy 3 apples at $0.75 each and 2 loaves of bread at $2.5,
run_009,82,True,False,0.358,1,[mock] response to: What is the ASCII value of the uppercase letter A?,
run_009,80,True,True,0.447,1,"[mock] response to: Identify the odd one out: apple, banana, carrot, grape.",
run_009,81,True,False,0.416,1,"[mock] response to: How many vowels are in the word """"education""""?",
run_009,91,True,False,0.111,1,[mock] response to: Multi-part: What is the largest planet and the smallest plan,
run_009,86,True,True,0.352,1,[mock] response to: Solve for x: 3x - 7 = 14.,
run_009,89,True,False,0.231,1,"[mock] response to: List the planets of the solar system in order from the Sun, ",
run_009,88,True,False,0.286,1,[mock] response to: How many degrees are in each interior angle of a regular pen,
run_009,87,True,False,0.357,1,[mock] response to: What is the sum 1 + 2 + 3 + ... + 100?,
run_009,93,True,False,0.134,1,[mock] response to: Tricky: How many months have 28 days?,
run_009,90,True,False,0.393,1,"[mock] response to: Name the four DNA nucleotide bases, comma-separated alphabet",
run_009,94,True,False,0.268,1,"[mock] response to: Tricky: What weighs more, a pound of feathers or a pound of ",
run_009,95,True,False,0.313,1,"[mock] response to: Empty answer test (the correct answer is the literal word ""n",
run_009,92,True,False,0.468,1,"[mock] response to: Multi-part: Who wrote ""Pride and Prejudice"" and in what year",
run_009,96,True,False,0.310,1,[mock] response to: Who composed the opera The Magic Flute?,
run_009,97,True,False,0.402,1,"[mock] response to: In music theory, how many semitones are in an octave?",
run_009,98,True,False,0.414,1,[mock] response to: Who directed the film Pulp Fiction?,
run_010,1,True,False,0.231,1,[mock] response to: 2+2?,
run_009,100,True,False,0.303,1,"[mock] response to: In Greek mythology, who is the king of the gods?",
run_010,2,True,False,0.414,1,[mock] response to: Sky color?,
run_010,3,True,False,0.362,1,[mock] response to: H2O?,
run_010,6,True,False,0.457,1,[mock] response to: Pi to 2 decimals?,
run_010,7,True,False,0.474,1,[mock] response to: Days in a week?,
run_010,9,True,False,0.178,1,[mock] response to: What is the capital of France?,
run_010,10,True,False,0.240,1,[mock] response to: Who wrote Hamlet?,
run_010,13,True,False,0.166,1,[mock] response to: How many continents are there?,
run_010,12,True,False,0.191,1,[mock] response to: What is the chemical symbol for gold?,
run_010,15,True,False,0.141,1,[mock] response to: What is the capital of Australia?,
run_010,14,True,False,0.485,1,[mock] response to: Who painted the Mona Lisa?,
run_010,16,True,False,0.133,1,[mock] response to: What gas do plants absorb from the atmosphere?,
run_010,17,True,False,0.364,1,[mock] response to: Who discovered penicillin?,
run_010,20,True,False,0.267,1,[mock] response to: What is the longest river in the world?,
run_010,19,True,False,0.469,1,[mock] response to: Who wrote 1984?,
run_010,21,True,False,0.288,1,[mock] response to: A train leaves Station A at 9:00 AM travelling east at 60 km,
run_010,22,True,False,0.292,1,[mock] response to: What is the 13th Fibonacci number (with F1=1 and F2=1)?,
run_009,63,True,False,0.469,2,[mock] response to: What is the name of the boundary around a black hole beyond ,
run_010,23,True,False,0.337,1,"[mock] response to: If a shirt costs $80 after a 20% discount, what was the orig",
run_010,25,True,False,0.118,1,[mock] response to: How many distinct ways can you arrange the letters of the wo,
run_010,24,True,True,0.464,1,[mock] response to: What is log base 2 of 1024?,
run_010,26,True,False,0.404,1,[mock] response to: What is the derivative of sin(x)?,
run_010,27,True,False,0.413,1,[mock] response to: What is the sum of the interior angles of a heptagon in degr,
run_010,28,True,False,0.380,1,[mock] response to: What is the greatest common divisor of 84 and 126?,
run_010,29,True,False,0.370,1,[mock] response to: Evaluate the limit as x approaches 0 of sin(x)/x.,
run_010,30,True,False,0.341,1,"[mock] response to: What is the determinant of the 2x2 matrix [[1,2],[3,4]]?",
run_010,31,True,False,0.479,1,[mock] response to: Define entropy.,
run_010,32,True,False,0.445,1,[mock] response to: What does DNA stand for?,
run_010,33,True,False,0.346,1,[mock] response to: What does HTTP stand for?,
run_010,35,True,False,0.133,1,"[mock] response to: What HTTP status code indicates ""Too Many Requests""?",
run_010,34,True,False,0.341,1,[mock] response to: What is the time complexity of binary search on a sorted arr,
run_010,36,True,False,0.150,1,"[mock] response to: In SQL, what keyword is used to remove duplicate rows from a",
run_010,38,True,False,0.128,1,"[mock] response to: You are given the following Python snippet: x = [1,2,3]; y =",
run_010,37,True,False,0.332,1,[mock] response to: What is the output of the JavaScript expression: typeof null,
run_010,39,True,False,0.434,1,[mock] response to: What is the default port for HTTPS?,
run_010,40,True,False,0.307,1,"[mock] response to: In Git, which command shows the working tree status?",
run_010,41,True,False,0.265,1,[mock] response to: Hello in Spanish?,
run_010,42,True,False,0.433,1,[mock] response to: Goodbye in French?,
run_009,85,True,False,0.250,2,[mock] response to: The angles of a triangle are in the ratio 2:3:4. What is the,
run_010,43,True,False,0.437,1,[mock] response to: Currency of Japan?,
run_010,44,True,False,0.411,1,[mock] response to: Currency of Vietnam?,
run_010,45,True,False,0.260,1,[mock] response to: Capital of Mongolia?,
run_010,46,True,False,0.332,1,[mock] response to: Capital of Bhutan?,
run_010,48,True,False,0.130,1,[mock] response to: Which country has the most time zones?,
run_010,47,True,False,0.440,1,[mock] response to: Capital of Liechtenstein?,
run_010,51,True,False,0.173,1,[mock] response to: In what year did the Berlin Wall fall?,
run_010,50,True,False,0.343,1,[mock] response to: What is the smallest country in the world by area?,
run_010,49,True,False,0.492,1,[mock] response to: On which river does Budapest sit?,
run_010,52,True,False,0.195,1,[mock] response to: Who was the first emperor of Rome?,
run_010,53,True,False,0.469,1,[mock] response to: Which empire was ruled by Genghis Khan?,
run_010,55,True,False,0.297,1,[mock] response to: Which civilization built Machu Picchu?,
run_010,54,True,False,0.457,1,[mock] response to: The Magna Carta was signed in what year?,
run_009,99,True,False,0.235,2,[mock] response to: Who is the author of The Brothers Karamazov?,
run_010,56,True,False,0.113,1,[mock] response to: What is the chemical formula for glucose?,
run_010,58,True,False,0.139,1,[mock] response to: What is the SI unit of electrical resistance?,
run_010,57,True,False,0.487,1,[mock] response to: What organelle is known as the powerhouse of the cell?,
run_010,60,True,False,0.216,1,[mock] response to: What is the speed of sound in air at sea level in m/s (appro,
run_010,59,True,False,0.395,1,[mock] response to: What is the SI base unit of amount of substance?,
run_010,61,True,False,0.194,1,[mock] response to: At what temperature in Celsius does pure water boil at sea l,
run_010,62,True,False,0.202,1,[mock] response to: How many pairs of chromosomes do humans normally have?,
run_010,64,True,False,0.246,1,[mock] response to: Atomic number of uranium?,
run_010,5,True,False,0.125,2,[mock] response to: Smallest prime?,
run_010,63,True,False,0.503,1,[mock] response to: What is the name of the boundary around a black hole beyond ,
run_010,4,True,False,0.384,2,[mock] response to: Cat sound?,
run_010,65,True,False,0.221,1,"[mock] response to: In a 12-hour analog clock, what is the angle in degrees betw",
run_010,8,True,False,0.247,2,[mock] response to: Fastest land animal?,
run_010,66,True,False,0.236,1,"[mock] response to: Read the following passage and answer the question. ""In 1969",
run_010,67,True,True,0.184,1,"[mock] response to: Passage: ""The Suez Canal, opened in 1869, connects the Medit",
run_010,68,True,False,0.265,1,"[mock] response to: Passage: ""In 1928, Alexander Fleming returned from a holiday",
run_010,11,True,False,0.477,2,[mock] response to: What is the largest planet in our solar system?,
run_010,71,True,False,0.127,1,"[mock] response to: Consider this scenario: Alice, Bob, and Carol each have a di",
run_010,69,True,False,0.406,1,"[mock] response to: Long context. Passage: ""The Krebs cycle, also known as the c",
run_010,70,True,False,0.482,1,"[mock] response to: Long context. Passage: ""Black holes can be classified by mas",
run_010,73,True,False,0.266,1,"[mock] response to: If yesterday was Sunday, what day will it be the day after t",
run_010,72,True,True,0.392,1,"[mock] response to: A farmer has 17 sheep, and all but 9 die. How many are left?",
run_010,18,True,False,0.166,2,[mock] response to: What planet is known as the Red Planet?,
run_010,75,True,False,0.161,1,[mock] response to: A bat and a ball cost $1.10 in total. The bat costs $1.00 mo,
run_010,74,True,True,0.300,1,[mock] response to: You are running a race and you overtake the person in second,
run_010,76,True,True,0.134,1,"[mock] response to: If it takes 5 machines 5 minutes to make 5 widgets, how long",
run_010,77,True,False,0.293,1,"[mock] response to: Spell the word """"necessary"""" backwards.",
run_010,79,True,False,0.289,1,"[mock] response to: What is the next number in the sequence 1, 1, 2, 3, 5, 8, ?",
run_010,80,True,True,0.213,1,"[mock] response to: Identify the odd one out: apple, banana, carrot, grape.",
run_010,78,True,False,0.508,1,"[mock] response to: How many letter R's are in the word ""strawberry""?",
run_010,82,True,False,0.125,1,[mock] response to: What is the ASCII value of the uppercase letter A?,
run_010,81,True,False,0.450,1,"[mock] response to: How many vowels are in the word """"education""""?",
run_010,85,True,False,0.161,1,[mock] response to: The angles of a triangle are in the ratio 2:3:4. What is the,
run_010,86,True,True,0.121,1,[mock] response to: Solve for x: 3x - 7 = 14.,
run_010,83,True,False,0.492,1,[mock] response to: You buy 3 apples at $0.75 each and 2 loaves of bread at $2.5,
run_010,87,True,False,0.128,1,[mock] response to: What is the sum 1 + 2 + 3 + ... + 100?,
run_010,84,True,False,0.443,1,[mock] response to: A car travels 240 km in 3 hours. What is its average speed i,
run_010,89,True,False,0.201,1,"[mock] response to: List the planets of the solar system in order from the Sun, ",
run_010,88,True,False,0.331,1,[mock] response to: How many degrees are in each interior angle of a regular pen,
run_010,90,True,False,0.433,1,"[mock] response to: Name the four DNA nucleotide bases, comma-separated alphabet",
run_010,91,True,False,0.391,1,[mock] response to: Multi-part: What is the largest planet and the smallest plan,
run_010,92,True,False,0.317,1,"[mock] response to: Multi-part: Who wrote ""Pride and Prejudice"" and in what year",
run_010,94,True,False,0.252,1,"[mock] response to: Tricky: What weighs more, a pound of feathers or a pound of ",
run_010,93,True,False,0.435,1,[mock] response to: Tricky: How many months have 28 days?,
run_010,95,True,False,0.283,1,"[mock] response to: Empty answer test (the correct answer is the literal word ""n",
run_010,97,True,False,0.320,1,"[mock] response to: In music theory, how many semitones are in an octave?",
run_010,99,True,False,0.204,1,[mock] response to: Who is the author of The Brothers Karamazov?,
run_010,96,True,False,0.486,1,[mock] response to: Who composed the opera The Magic Flute?,
run_010,98,True,False,0.364,1,[mock] response to: Who directed the film Pulp Fiction?,
run_010,100,True,False,0.190,1,"[mock] response to: In Greek mythology, who is the king of the gods?",
